lat,lon,umap_x,umap_y,grid_x_norm,grid_y_norm,grid_x,grid_y,pixel_x,pixel_y
60.087969,-162.207602,-3.493016,2.664678,0.10526315789473684,0.2631578947368421,2.0,5.0,128.0,320.0
39.035143,-97.128462,13.306198,5.9404697,0.7894736842105263,0.5263157894736842,15.0,10.0,960.0,640.0
35.939865,-96.90903,13.552721,6.065638,0.5263157894736842,0.42105263157894735,10.0,8.0,640.0,512.0
69.591378,-161.754697,-2.864463,2.1247585,0.10526315789473684,0.10526315789473684,2.0,2.0,128.0,128.0
45.339104,-70.792024,10.497801,2.2853942,0.3684210526315789,0.15789473684210525,7.0,3.0,448.0,192.0
67.90495,-157.890292,-3.101658,2.3010051,0.0,0.21052631578947367,0.0,4.0,0.0,256.0
34.388201,-88.674081,13.084528,1.5177202,0.631578947368421,0.05263157894736842,12.0,1.0,768.0,64.0
61.299183,-148.487842,-1.6594856,3.0055358,0.10526315789473684,0.6842105263157894,2.0,13.0,128.0,832.0
29.415526,-90.908357,12.83885,1.1123853,0.9473684210526315,0.05263157894736842,18.0,1.0,1152.0,64.0
62.725209,-146.058071,-0.807984,5.2332907,0.15789473684210525,1.0,3.0,19.0,192.0,1216.0
36.928724,-112.585022,11.300864,8.592275,0.5263157894736842,0.8421052631578947,10.0,16.0,640.0,1024.0
31.758975,-109.600847,12.151328,8.410248,0.6842105263157894,0.7894736842105263,13.0,15.0,832.0,960.0
41.88481,-116.711012,10.507405,7.8343096,0.2631578947368421,0.5789473684210527,5.0,11.0,320.0,704.0
34.250514,-96.654384,12.985434,1.9458923,0.42105263157894735,0.05263157894736842,8.0,1.0,512.0,64.0
34.704892,-100.508143,12.876677,7.7065463,1.0,0.8421052631578947,19.0,16.0,1216.0,1024.0
44.013149,-103.768182,8.95375,6.749566,0.47368421052631576,0.7368421052631579,9.0,14.0,576.0,896.0
47.599715,-109.82937,10.697013,6.881813,0.3684210526315789,0.5263157894736842,7.0,10.0,448.0,640.0
59.656725,-155.969743,-3.557764,2.7330344,0.0,0.3684210526315789,0.0,7.0,0.0,448.0
42.528707,-84.518231,14.676356,3.8036497,0.5789473684210527,0.2631578947368421,11.0,5.0,704.0,320.0
43.969553,-123.054902,9.49821,5.9169602,0.9473684210526315,0.8421052631578947,18.0,16.0,1152.0,1024.0
44.246418,-70.197044,10.551563,1.9976964,0.5789473684210527,0.15789473684210525,11.0,3.0,704.0,192.0
61.50235,-151.36516,-1.8421177,2.74325,0.15789473684210525,0.47368421052631576,3.0,9.0,192.0,576.0
47.166591,-87.256585,1.3435688,0.7167592,0.3157894736842105,0.3157894736842105,6.0,6.0,384.0,384.0
40.826824,-88.173059,15.224448,3.9669864,0.9473684210526315,0.3684210526315789,18.0,7.0,1152.0,448.0
46.828495,-105.551241,10.938873,6.7710466,0.6842105263157894,0.6842105263157894,13.0,13.0,832.0,832.0
37.577494,-114.066147,9.133573,7.5401917,0.3684210526315789,0.894736842105263,7.0,17.0,448.0,1088.0
43.412797,-122.442684,8.889504,6.2683105,1.0,1.0,19.0,19.0,1216.0,1216.0
33.311121,-95.669011,1.3035864,0.6792626,0.894736842105263,0.5263157894736842,17.0,10.0,1088.0,640.0
67.050363,-160.772832,-0.62827754,4.797331,0.21052631578947367,0.894736842105263,4.0,17.0,256.0,1088.0
43.551999,-72.518055,10.860517,1.836257,0.894736842105263,0.15789473684210525,17.0,3.0,1088.0,192.0
35.616979,-117.983649,11.630821,8.829467,0.3157894736842105,0.6842105263157894,6.0,13.0,384.0,832.0
69.015356,-162.091139,-3.1435149,2.11013,0.10526315789473684,0.0,2.0,0.0,128.0,0.0
37.396916,-121.907359,12.121939,2.7762299,0.3157894736842105,0.15789473684210525,6.0,3.0,384.0,192.0
46.018821,-112.160759,8.884799,6.608596,0.5789473684210527,0.7894736842105263,11.0,15.0,704.0,960.0
47.298109,-107.193156,10.865476,6.9198384,0.21052631578947367,0.42105263157894735,4.0,8.0,256.0,512.0
31.011262,-101.634056,13.304716,7.563903,0.6842105263157894,0.631578947368421,13.0,12.0,832.0,768.0
35.963099,-83.649888,13.273717,2.464559,0.631578947368421,0.15789473684210525,12.0,3.0,768.0,192.0
37.000372,-88.883722,13.851259,3.2617586,0.2631578947368421,0.15789473684210525,5.0,3.0,320.0,192.0
31.782319,-112.217434,12.259974,8.602067,0.42105263157894735,0.631578947368421,8.0,12.0,512.0,768.0
41.907112,-107.036435,10.805154,8.184532,0.42105263157894735,0.7368421052631579,8.0,14.0,512.0,896.0
42.076346,-92.768596,15.139585,4.041035,0.47368421052631576,0.2631578947368421,9.0,5.0,576.0,320.0
61.099308,-150.25123,1.3048892,0.7702601,0.2631578947368421,0.3157894736842105,5.0,6.0,320.0,384.0
60.04119,-143.830963,-1.5347708,2.788718,0.15789473684210525,0.5789473684210527,3.0,11.0,192.0,704.0
44.267737,-93.049726,13.862588,3.8366554,0.7894736842105263,0.3684210526315789,15.0,7.0,960.0,448.0
32.098355,-89.664788,13.283435,0.97523105,0.5263157894736842,0.0,10.0,0.0,640.0,0.0
41.274344,-91.446612,14.867514,3.8292663,0.7894736842105263,0.3157894736842105,15.0,6.0,960.0,384.0
39.84747,-90.316435,13.817505,3.4580674,0.42105263157894735,0.21052631578947367,8.0,4.0,512.0,256.0
60.971707,-148.180579,1.3007629,0.71526045,0.6842105263157894,0.47368421052631576,13.0,9.0,832.0,576.0
38.331914,-85.410899,13.245024,2.6054947,0.5263157894736842,0.15789473684210525,10.0,3.0,640.0,192.0
40.652673,-81.722054,13.579855,3.5124784,1.0,0.3684210526315789,19.0,7.0,1216.0,448.0
32.95405,-87.433842,13.182387,1.2480949,0.8421052631578947,0.05263157894736842,16.0,1.0,1024.0,64.0
28.017012,-97.580793,14.169736,6.748366,1.0,0.6842105263157894,19.0,13.0,1216.0,832.0
68.788399,-162.670589,-3.261186,2.2579827,0.05263157894736842,0.05263157894736842,1.0,1.0,64.0,64.0
41.583158,-85.396098,14.216736,3.898012,0.21052631578947367,0.21052631578947367,4.0,4.0,256.0,256.0
41.416843,-95.106512,14.826409,4.151163,0.3684210526315789,0.2631578947368421,7.0,5.0,448.0,320.0
37.095728,-108.668136,10.937776,8.385775,0.3684210526315789,0.7368421052631579,7.0,14.0,448.0,896.0
34.617229,-115.507472,11.919456,9.09055,0.7368421052631579,1.0,14.0,19.0,896.0,1216.0
48.573116,-93.947317,-0.328678,5.1499414,0.3157894736842105,0.9473684210526315,6.0,18.0,384.0,1152.0
44.715246,-69.951927,10.6214485,1.9752021,0.9473684210526315,0.21052631578947367,18.0,4.0,1152.0,256.0
40.535034,-111.72864,8.558316,7.1406803,0.3684210526315789,0.9473684210526315,7.0,18.0,448.0,1152.0
69.561283,-142.341752,-2.729428,2.1516917,0.0,0.3157894736842105,0.0,6.0,0.0,384.0
33.171781,-102.546639,12.87806,7.7181306,0.631578947368421,0.631578947368421,12.0,12.0,768.0,768.0
39.993917,-101.219206,12.676625,6.35936,0.42105263157894735,0.42105263157894735,8.0,8.0,512.0,512.0
41.313956,-104.986167,12.090829,6.5586596,0.2631578947368421,0.3684210526315789,5.0,7.0,320.0,448.0
43.73958,-113.578553,9.776503,7.4643774,0.2631578947368421,0.631578947368421,5.0,12.0,320.0,768.0
38.973545,-95.09149,15.019375,3.928381,0.7368421052631579,0.3157894736842105,14.0,6.0,896.0,384.0
44.134651,-112.364462,10.616678,6.661804,1.0,0.894736842105263,19.0,17.0,1216.0,1088.0
44.923412,-89.206676,11.204328,2.4377146,0.8421052631578947,0.2631578947368421,16.0,5.0,1024.0,320.0
43.183878,-121.720994,8.801479,6.3688846,0.631578947368421,0.7894736842105263,12.0,15.0,768.0,960.0
61.612321,-161.453396,-0.93060607,4.573821,0.10526315789473684,0.894736842105263,2.0,17.0,128.0,1088.0
61.657949,-149.283427,-0.8850932,4.6029124,0.10526315789473684,1.0,2.0,19.0,128.0,1216.0
68.68285,-148.994206,-3.254126,2.1271918,0.0,0.0,0.0,0.0,0.0,0.0
36.464729,-96.765102,13.428825,6.0739255,0.631578947368421,0.47368421052631576,12.0,9.0,768.0,576.0
40.288782,-105.150704,12.4044075,6.7219343,0.3684210526315789,0.42105263157894735,7.0,8.0,448.0,512.0
42.753662,-117.53075,10.334769,7.154977,0.631578947368421,0.7368421052631579,12.0,14.0,768.0,896.0
33.089806,-80.768382,13.40915,0.7349035,0.8421052631578947,0.0,16.0,0.0,1024.0,0.0
38.713398,-121.440819,10.254658,5.8830256,0.21052631578947367,0.3684210526315789,4.0,7.0,256.0,448.0
63.031214,-161.006667,-2.0525465,2.6692662,0.05263157894736842,0.5263157894736842,1.0,10.0,64.0,640.0
34.102135,-89.017037,13.330527,1.0335321,0.42105263157894735,0.0,8.0,0.0,512.0,0.0
39.12955,-77.81343,13.392812,2.5359483,0.8421052631578947,0.21052631578947367,16.0,4.0,1024.0,256.0
38.096593,-117.305237,11.30461,8.875116,0.5263157894736842,0.894736842105263,10.0,17.0,640.0,1088.0
45.300267,-104.456326,11.086291,6.614178,0.47368421052631576,0.5263157894736842,9.0,10.0,576.0,640.0
41.545596,-81.932521,1.4211969,0.61273295,0.9473684210526315,0.47368421052631576,18.0,9.0,1152.0,576.0
65.648769,-166.936583,-2.5370097,2.2057066,0.10526315789473684,0.3684210526315789,2.0,7.0,128.0,448.0
37.168255,-120.328019,13.82416,4.017187,0.2631578947368421,0.2631578947368421,5.0,5.0,320.0,320.0
34.277893,-118.600096,10.115758,5.9223757,0.9473684210526315,0.7894736842105263,18.0,15.0,1152.0,960.0
44.720568,-94.367487,15.112585,4.1581855,1.0,0.42105263157894735,19.0,8.0,1216.0,512.0
47.099008,-116.265789,8.78815,6.408049,0.3157894736842105,0.5789473684210527,6.0,11.0,384.0,704.0
37.621671,-102.200563,12.9130945,6.0724645,0.47368421052631576,0.42105263157894735,9.0,8.0,576.0,512.0
40.381716,-95.105489,15.021382,3.8589065,0.8421052631578947,0.3157894736842105,16.0,6.0,1024.0,384.0
39.23904,-109.215593,11.191649,8.454226,0.21052631578947367,0.5789473684210527,4.0,11.0,256.0,704.0
47.588052,-107.981397,10.78783,6.6502657,0.42105263157894735,0.5263157894736842,8.0,10.0,512.0,640.0
38.364935,-92.585294,13.309666,2.484027,0.894736842105263,0.21052631578947367,17.0,4.0,1088.0,256.0
58.308421,-135.593841,1.3384733,0.66767305,0.7894736842105263,0.47368421052631576,15.0,9.0,960.0,576.0
40.972473,-72.287091,11.441613,1.7954174,0.3684210526315789,0.05263157894736842,7.0,1.0,448.0,64.0
31.502007,-111.464053,12.10276,8.317033,0.47368421052631576,0.631578947368421,9.0,12.0,576.0,768.0
43.558415,-72.124724,10.694794,1.8482167,0.5263157894736842,0.10526315789473684,10.0,2.0,640.0,128.0
43.888301,-111.476788,10.392126,6.5140514,0.8421052631578947,0.7894736842105263,16.0,15.0,1024.0,960.0
38.80717,-96.754413,13.388377,5.8214436,0.42105263157894735,0.3684210526315789,8.0,7.0,512.0,448.0
41.608871,-114.144824,9.400089,7.6195736,0.5789473684210527,1.0,11.0,19.0,704.0,1216.0
35.039988,-106.566821,12.061844,8.330034,0.9473684210526315,0.9473684210526315,18.0,18.0,1152.0,1152.0
33.080617,-108.621441,11.831901,8.515758,0.6842105263157894,0.8421052631578947,13.0,16.0,832.0,1024.0
45.421587,-92.016306,13.650601,3.8154948,0.5789473684210527,0.3157894736842105,11.0,6.0,704.0,384.0
47.624043,-112.31277,10.981046,6.6031065,0.3684210526315789,0.47368421052631576,7.0,9.0,448.0,576.0
33.312212,-79.854915,13.340953,0.64992434,0.9473684210526315,0.0,18.0,0.0,1152.0,0.0
30.057804,-91.759756,14.545303,4.194931,0.6842105263157894,0.3684210526315789,13.0,7.0,832.0,448.0
43.119629,-112.38405,10.502885,7.386819,0.894736842105263,0.9473684210526315,17.0,18.0,1088.0,1152.0
37.586013,-79.749797,13.435498,2.6926107,0.7894736842105263,0.21052631578947367,15.0,4.0,960.0,256.0
63.610648,-160.1947,-2.156609,2.8221939,0.0,0.631578947368421,0.0,12.0,0.0,768.0
31.785297,-100.462189,13.206911,7.304471,0.3157894736842105,0.42105263157894735,6.0,8.0,384.0,512.0
19.281027,-155.280558,14.006728,6.9839816,0.3157894736842105,0.3684210526315789,6.0,7.0,384.0,448.0
66.988202,-144.208131,-0.62569666,5.063397,0.21052631578947367,1.0,4.0,19.0,256.0,1216.0
33.892645,-114.69886,11.859907,9.158789,0.21052631578947367,0.631578947368421,4.0,12.0,256.0,768.0
38.15128,-83.839686,13.394343,2.4475343,0.6842105263157894,0.15789473684210525,13.0,3.0,832.0,192.0
35.221411,-88.098629,13.169124,1.1893111,0.894736842105263,0.05263157894736842,17.0,1.0,1088.0,64.0
41.616857,-90.687818,15.148507,4.120053,0.8421052631578947,0.3684210526315789,16.0,7.0,1024.0,448.0
28.183922,-99.165223,13.932652,7.137439,0.7368421052631579,0.5789473684210527,14.0,11.0,896.0,704.0
34.972744,-96.887347,13.583653,6.1502376,0.7368421052631579,0.5263157894736842,14.0,10.0,896.0,640.0
40.620714,-86.885595,15.28898,4.0800242,0.2631578947368421,0.21052631578947367,5.0,4.0,320.0,256.0
65.575549,-144.562417,-1.0694339,5.142155,0.15789473684210525,0.7368421052631579,3.0,14.0,192.0,896.0
38.537188,-122.125182,9.938341,5.989065,0.7368421052631579,0.6842105263157894,14.0,13.0,896.0,832.0
68.39648,-143.349254,-2.2841024,2.892502,0.0,0.5789473684210527,0.0,11.0,0.0,704.0
32.180017,-85.674493,13.286281,0.98902553,0.47368421052631576,0.0,9.0,0.0,576.0,0.0
47.059711,-91.329715,1.3766836,0.71976465,0.7368421052631579,0.47368421052631576,14.0,9.0,896.0,576.0
37.908718,-117.455499,11.510575,9.06633,0.5789473684210527,0.9473684210526315,11.0,18.0,704.0,1152.0
34.563183,-85.996437,13.287694,2.2886074,0.8421052631578947,0.15789473684210525,16.0,3.0,1024.0,192.0
64.858301,-158.00952,-0.5044618,4.972932,0.2631578947368421,0.894736842105263,5.0,17.0,320.0,1088.0
64.814117,-145.069633,-0.65917987,5.3221855,0.2631578947368421,0.7894736842105263,5.0,15.0,320.0,960.0
42.327888,-94.418183,15.209616,4.035361,0.894736842105263,0.3684210526315789,17.0,7.0,1088.0,448.0
30.888646,-91.361851,13.154879,1.2731105,0.2631578947368421,0.0,5.0,0.0,320.0,0.0
30.002064,-98.717594,13.786755,7.2984676,1.0,0.7368421052631579,19.0,14.0,1216.0,896.0
46.483357,-85.1678,10.699724,1.7838423,0.9473684210526315,0.15789473684210525,18.0,3.0,1152.0,192.0
41.255496,-75.283017,11.121961,1.7771692,1.0,0.15789473684210525,19.0,3.0,1216.0,192.0
43.918264,-116.169813,10.307082,7.1012163,0.3157894736842105,0.5263157894736842,6.0,10.0,384.0,640.0
66.235628,-160.596652,-3.3116024,2.4436512,0.10526315789473684,0.15789473684210525,2.0,3.0,128.0,192.0
31.591207,-93.423179,13.272702,1.0576334,1.0,0.05263157894736842,19.0,1.0,1216.0,64.0
48.140757,-94.388823,-0.28594288,5.1750917,0.3157894736842105,1.0,6.0,19.0,384.0,1216.0
47.952752,-91.91088,10.411736,2.4078307,1.0,0.3157894736842105,19.0,6.0,1216.0,384.0
45.22084,-113.736983,9.716878,7.143474,0.894736842105263,1.0,17.0,19.0,1088.0,1216.0
65.16128,-157.657745,-0.54599863,4.8856015,0.2631578947368421,0.8421052631578947,5.0,16.0,320.0,1024.0
29.165656,-97.404746,14.093562,7.009825,0.21052631578947367,0.3157894736842105,4.0,6.0,256.0,384.0
38.281187,-94.870311,13.13053,2.2719128,0.21052631578947367,0.05263157894736842,4.0,1.0,256.0,64.0
45.994941,-94.887158,13.438724,3.892613,0.47368421052631576,0.3157894736842105,9.0,6.0,576.0,384.0
60.909314,-157.185179,-0.7336785,4.650551,0.21052631578947367,0.6842105263157894,4.0,13.0,256.0,832.0
43.971467,-94.809342,14.758677,4.209653,0.894736842105263,0.42105263157894735,17.0,8.0,1088.0,512.0
41.434421,-75.684738,12.092996,2.5906742,0.631578947368421,0.21052631578947367,12.0,4.0,768.0,256.0
41.483775,-110.30072,10.284502,7.8238935,0.631578947368421,0.894736842105263,12.0,17.0,768.0,1088.0
56.009214,-131.75507,-1.3254267,2.78427,0.05263157894736842,0.7894736842105263,1.0,15.0,64.0,960.0
35.52364,-113.693396,9.084071,7.560375,0.3684210526315789,1.0,7.0,19.0,448.0,1216.0
38.783131,-100.227494,12.701605,6.5181026,0.631578947368421,0.5263157894736842,12.0,10.0,768.0,640.0
45.77541,-93.801625,11.156466,2.1831472,0.2631578947368421,0.10526315789473684,5.0,2.0,320.0,128.0
37.624145,-104.42513,12.448205,6.8018007,0.9473684210526315,0.7368421052631579,18.0,14.0,1152.0,896.0
39.684435,-107.475505,8.778728,7.0891376,0.47368421052631576,0.894736842105263,9.0,17.0,576.0,1088.0
64.226707,-142.083877,-1.2349458,5.034083,0.10526315789473684,0.7368421052631579,2.0,14.0,128.0,896.0
48.039415,-116.4734,1.2894146,0.78144526,0.3684210526315789,0.3684210526315789,7.0,7.0,448.0,448.0
38.841399,-118.131259,11.277116,8.948454,0.2631578947368421,0.7368421052631579,5.0,14.0,320.0,896.0
35.564206,-75.922631,13.173368,0.7217193,0.7894736842105263,0.0,15.0,0.0,960.0,0.0
32.610534,-99.178574,13.588782,6.424739,0.6842105263157894,0.5263157894736842,13.0,10.0,832.0,640.0
40.939332,-119.986404,9.454028,7.6007137,0.3157894736842105,0.7894736842105263,6.0,15.0,384.0,960.0
34.754467,-112.329159,11.692634,8.280756,0.9473684210526315,1.0,18.0,19.0,1152.0,1216.0
45.06249,-100.08189,13.503035,4.786191,0.3684210526315789,0.3157894736842105,7.0,6.0,448.0,384.0
33.334523,-88.117742,13.38676,1.2340785,0.3157894736842105,0.0,6.0,0.0,384.0,0.0
65.935347,-145.552239,-1.0488977,5.1415877,0.10526315789473684,0.9473684210526315,2.0,18.0,128.0,1152.0
62.729577,-141.718622,-1.2117527,5.1452994,0.05263157894736842,0.9473684210526315,1.0,18.0,64.0,1152.0
32.090065,-101.827276,12.855804,7.7972755,0.5263157894736842,0.5789473684210527,10.0,11.0,640.0,704.0
30.726073,-88.566771,13.541778,0.772542,0.7368421052631579,0.0,14.0,0.0,896.0,0.0
35.829699,-82.818778,11.2076,1.635835,0.7894736842105263,0.10526315789473684,15.0,2.0,960.0,128.0
69.901535,-159.322492,-2.7300878,2.112743,0.05263157894736842,0.21052631578947367,1.0,4.0,64.0,256.0
60.676344,-152.295472,-1.6247996,2.7928393,0.05263157894736842,0.6842105263157894,1.0,13.0,64.0,832.0
62.755739,-162.406168,-2.7752879,2.7590442,0.05263157894736842,0.47368421052631576,1.0,9.0,64.0,576.0
43.05331,-120.864194,10.311191,7.620814,0.42105263157894735,0.6842105263157894,8.0,13.0,512.0,832.0
42.445529,-113.170855,10.53804,7.4245543,0.5789473684210527,0.7368421052631579,11.0,14.0,704.0,896.0
60.411597,-142.535688,-1.6425266,2.9451087,0.0,0.7894736842105263,0.0,15.0,0.0,960.0
43.368967,-109.931256,9.619141,7.2085805,0.631578947368421,0.8421052631578947,12.0,16.0,768.0,1024.0
42.498472,-109.258928,9.924297,7.4985533,0.6842105263157894,0.894736842105263,13.0,17.0,832.0,1088.0
62.336994,-163.732535,-3.57113,2.7315412,0.15789473684210525,0.2631578947368421,3.0,5.0,192.0,320.0
39.062831,-78.681113,11.770199,1.6705372,0.8421052631578947,0.10526315789473684,16.0,2.0,1024.0,128.0
31.719443,-103.709017,12.638946,8.0359745,0.894736842105263,0.8421052631578947,17.0,16.0,1088.0,1024.0
47.238483,-118.765382,10.626654,7.4610224,0.21052631578947367,0.47368421052631576,4.0,9.0,256.0,576.0
45.644373,-107.566751,10.699891,6.74098,0.7368421052631579,0.7368421052631579,14.0,14.0,896.0,896.0
46.540596,-121.274164,8.864732,6.275046,0.3684210526315789,0.5789473684210527,7.0,11.0,448.0,704.0
25.636783,-80.987321,12.678626,1.043821,0.3684210526315789,0.0,7.0,0.0,448.0,0.0
42.182695,-97.096802,14.965362,4.2065463,0.15789473684210525,0.21052631578947367,3.0,4.0,192.0,256.0
68.56769,-152.719784,-3.1079328,2.0826414,0.0,0.05263157894736842,0.0,1.0,0.0,64.0
42.915461,-94.475158,13.514242,4.3322916,0.7368421052631579,0.42105263157894735,14.0,8.0,896.0,512.0
34.979676,-87.130978,12.146732,1.6184952,0.15789473684210525,0.0,3.0,0.0,192.0,0.0
28.264806,-99.232063,13.959911,7.1353974,0.5263157894736842,0.47368421052631576,10.0,9.0,640.0,576.0
36.236444,-114.9189,11.799789,9.083459,0.5789473684210527,0.894736842105263,11.0,17.0,704.0,1088.0
44.346431,-97.590817,13.461338,4.6098146,0.5263157894736842,0.3684210526315789,10.0,7.0,640.0,448.0
38.532766,-93.732575,13.748621,3.1774125,0.7368421052631579,0.2631578947368421,14.0,5.0,896.0,320.0
64.771888,-145.886897,-0.7064196,5.1153836,0.21052631578947367,0.8421052631578947,4.0,16.0,256.0,1024.0
45.703189,-121.199751,9.456811,6.1209474,0.7894736842105263,0.7894736842105263,15.0,15.0,960.0,960.0
68.140494,-150.971906,-1.9845325,3.1335146,0.10526315789473684,0.5789473684210527,2.0,11.0,128.0,704.0
36.619398,-102.97324,12.565615,7.057077,0.894736842105263,0.7368421052631579,17.0,14.0,1088.0,896.0
38.821003,-92.412114,14.224754,3.4025335,0.47368421052631576,0.21052631578947367,9.0,4.0,576.0,256.0
63.93219,-145.883526,-2.1061227,3.022845,0.10526315789473684,0.5263157894736842,2.0,10.0,128.0,640.0
44.844929,-102.144372,11.5654745,6.4363995,1.0,0.7894736842105263,19.0,15.0,1216.0,960.0
43.549581,-112.499136,10.449813,7.461371,0.7894736842105263,0.894736842105263,15.0,17.0,960.0,1088.0
45.234632,-107.159966,8.916048,6.67237,0.7894736842105263,0.9473684210526315,15.0,18.0,960.0,1152.0
38.118586,-120.494538,9.8719425,6.026519,0.894736842105263,0.7894736842105263,17.0,15.0,1088.0,960.0
42.390921,-124.365873,9.218879,6.022869,0.8421052631578947,0.8421052631578947,16.0,16.0,1024.0,1024.0
29.774272,-98.941681,13.755993,7.356792,0.7894736842105263,0.631578947368421,15.0,12.0,960.0,768.0
37.63302,-119.33933,8.647839,7.174375,0.42105263157894735,0.9473684210526315,8.0,18.0,512.0,1152.0
42.857271,-71.919937,10.660128,1.9214058,0.42105263157894735,0.10526315789473684,8.0,2.0,512.0,128.0
29.129749,-98.923471,13.90243,7.1859684,0.8421052631578947,0.631578947368421,16.0,12.0,1024.0,768.0
33.349493,-90.600994,14.474364,3.5383599,0.894736842105263,0.3157894736842105,17.0,6.0,1088.0,384.0
29.935162,-85.441681,1.2448034,0.78777677,0.7894736842105263,0.5789473684210527,15.0,11.0,960.0,704.0
33.793133,-88.216029,13.095036,1.2965018,0.7894736842105263,0.05263157894736842,15.0,1.0,960.0,64.0
44.97148,-121.145991,10.232073,6.9602904,0.42105263157894735,0.5789473684210527,8.0,11.0,512.0,704.0
35.995719,-104.135517,12.487739,7.065634,0.7894736842105263,0.6842105263157894,15.0,13.0,960.0,832.0
65.907242,-158.444865,-2.775879,2.435103,0.15789473684210525,0.3684210526315789,3.0,7.0,192.0,448.0
38.932286,-78.854579,11.683074,1.614492,0.894736842105263,0.10526315789473684,17.0,2.0,1088.0,128.0
38.560048,-112.325313,9.109662,7.4902253,0.5263157894736842,1.0,10.0,19.0,640.0,1216.0
36.905747,-116.608545,11.661927,9.07662,0.631578947368421,0.9473684210526315,12.0,18.0,768.0,1152.0
36.161884,-81.573074,11.527888,1.5980419,0.47368421052631576,0.05263157894736842,9.0,1.0,576.0,64.0
37.858025,-86.131412,14.024107,3.3810987,0.6842105263157894,0.2631578947368421,13.0,5.0,832.0,320.0
59.69389,-154.865847,1.4045045,0.6602434,0.8421052631578947,0.47368421052631576,16.0,9.0,1024.0,576.0
38.554146,-90.98141,14.330468,3.4220767,0.9473684210526315,0.3157894736842105,18.0,6.0,1152.0,384.0
29.840783,-82.533514,13.530487,0.8373874,0.6842105263157894,0.0,13.0,0.0,832.0,0.0
47.097454,-96.007742,15.130103,4.2417107,0.9473684210526315,0.42105263157894735,18.0,8.0,1152.0,512.0
44.496686,-91.221467,13.636349,3.7273479,0.631578947368421,0.3157894736842105,12.0,6.0,768.0,384.0
63.483572,-154.349496,-0.5013719,5.0629425,0.2631578947368421,0.9473684210526315,5.0,18.0,320.0,1152.0
66.137538,-165.083588,-2.9713898,2.4746776,0.15789473684210525,0.3157894736842105,3.0,6.0,192.0,384.0
66.986987,-159.717587,-0.74315345,4.75389,0.15789473684210525,0.9473684210526315,3.0,18.0,192.0,1152.0
69.968666,-159.731743,-2.8230224,2.0059152,0.0,0.10526315789473684,0.0,2.0,0.0,128.0
46.984185,-105.923534,10.965749,6.69772,0.7894736842105263,0.7368421052631579,15.0,14.0,960.0,896.0
36.519037,-109.544822,11.503801,8.583348,0.3157894736842105,0.631578947368421,6.0,12.0,384.0,768.0
36.163662,-96.302871,1.4020143,0.6359499,0.21052631578947367,0.2631578947368421,4.0,5.0,256.0,320.0
59.70949,-158.899655,-1.9875836,2.606492,0.10526315789473684,0.47368421052631576,2.0,9.0,128.0,576.0
34.214476,-100.169457,13.093477,7.190134,0.5263157894736842,0.5263157894736842,10.0,10.0,640.0,640.0
40.577606,-113.151576,11.089378,8.430321,0.6842105263157894,0.9473684210526315,13.0,18.0,832.0,1152.0
32.597467,-113.897308,11.9873295,9.010131,0.3684210526315789,0.6842105263157894,7.0,13.0,448.0,832.0
35.238329,-108.999426,9.322864,7.738529,0.42105263157894735,1.0,8.0,19.0,512.0,1216.0
41.37471,-81.703715,12.218347,2.5409565,0.47368421052631576,0.15789473684210525,9.0,3.0,576.0,192.0
41.363467,-113.603975,11.194735,8.921648,0.5263157894736842,0.9473684210526315,10.0,18.0,640.0,1152.0
37.291708,-115.263104,11.34234,8.9527235,0.42105263157894735,0.8421052631578947,8.0,16.0,512.0,1024.0
42.689471,-70.9204,10.97967,1.9982247,1.0,0.21052631578947367,19.0,4.0,1216.0,256.0
43.919968,-70.259246,10.6761265,2.013663,0.3157894736842105,0.10526315789473684,6.0,2.0,384.0,128.0
56.03795,-131.994525,-1.0607227,2.6816843,0.05263157894736842,0.8421052631578947,1.0,16.0,64.0,1024.0
62.000763,-145.942668,-0.6922431,5.250923,0.21052631578947367,0.9473684210526315,4.0,18.0,256.0,1152.0
35.276799,-93.843998,13.109936,2.035426,0.7368421052631579,0.10526315789473684,14.0,2.0,896.0,128.0
69.822437,-145.656955,-2.8182542,2.0513625,0.05263157894736842,0.10526315789473684,1.0,2.0,64.0,128.0
39.171214,-98.102344,13.0591545,5.8436995,0.894736842105263,0.5789473684210527,17.0,11.0,1088.0,704.0
70.307831,-151.455939,-2.8023949,2.0842772,0.05263157894736842,0.15789473684210525,1.0,3.0,64.0,192.0
61.97837,-161.469404,-0.7994041,4.658652,0.15789473684210525,0.894736842105263,3.0,17.0,192.0,1088.0
61.449675,-152.363615,-1.8269988,3.023138,0.0,0.7368421052631579,0.0,14.0,0.0,896.0
45.162012,-89.027436,13.14911,3.6152043,0.42105263157894735,0.2631578947368421,8.0,5.0,512.0,320.0
43.980204,-108.49731,10.79478,8.069643,0.8421052631578947,1.0,16.0,19.0,1024.0,1216.0
32.486679,-84.552641,13.50072,0.9474719,0.5789473684210527,0.0,11.0,0.0,704.0,0.0
29.843317,-99.441973,13.721679,7.381417,0.5789473684210527,0.5263157894736842,11.0,10.0,704.0,640.0
43.826171,-110.27483,8.750626,6.962295,0.3157894736842105,0.7368421052631579,6.0,14.0,384.0,896.0
43.254118,-95.221455,14.20091,4.372986,0.42105263157894735,0.3157894736842105,8.0,6.0,512.0,384.0
42.126554,-96.522247,14.665014,4.290156,0.631578947368421,0.3684210526315789,12.0,7.0,768.0,448.0
36.545666,-104.723514,12.500908,6.8747215,0.631578947368421,0.5789473684210527,12.0,11.0,768.0,704.0
42.858194,-72.030708,10.72722,1.8336401,0.2631578947368421,0.05263157894736842,5.0,1.0,320.0,64.0
34.950182,-110.263314,11.435385,8.62606,0.5789473684210527,0.8421052631578947,11.0,16.0,704.0,1024.0
61.347518,-153.841681,-1.3299671,3.722554,0.0,0.9473684210526315,0.0,18.0,0.0,1152.0
44.002634,-99.324092,13.362215,4.81225,0.9473684210526315,0.5263157894736842,18.0,10.0,1152.0,640.0
67.728008,-162.588209,-3.214676,2.5132391,0.10526315789473684,0.3157894736842105,2.0,6.0,128.0,384.0
33.684108,-88.834729,13.240247,1.3195959,0.7368421052631579,0.05263157894736842,14.0,1.0,896.0,64.0
41.736609,-78.217031,11.118701,1.7461227,0.6842105263157894,0.10526315789473684,13.0,2.0,832.0,128.0
39.989323,-74.86284,12.1039295,2.4396415,0.21052631578947367,0.10526315789473684,4.0,2.0,256.0,128.0
68.153763,-147.592967,-2.3259652,2.9917302,0.15789473684210525,0.42105263157894735,3.0,8.0,192.0,512.0
64.399349,-160.927667,-3.4891453,2.6335135,0.0,0.2631578947368421,0.0,5.0,0.0,320.0
42.269163,-97.506113,15.015247,4.226467,0.7368421052631579,0.3684210526315789,14.0,7.0,896.0,448.0
35.485804,-102.157254,12.842363,7.380167,0.5789473684210527,0.5789473684210527,11.0,11.0,704.0,704.0
60.472049,-163.321216,-3.5896761,2.7343366,0.05263157894736842,0.3157894736842105,1.0,6.0,64.0,384.0
37.218334,-89.523093,12.462569,2.6082482,0.9473684210526315,0.2631578947368421,18.0,5.0,1152.0,320.0
35.859437,-100.122879,12.957562,7.075002,0.8421052631578947,0.6842105263157894,16.0,13.0,1024.0,832.0
38.355374,-117.484998,11.342653,8.848926,0.2631578947368421,0.6842105263157894,5.0,13.0,320.0,832.0
38.283759,-116.673496,11.212912,8.765381,0.47368421052631576,0.8421052631578947,9.0,16.0,576.0,1024.0
45.980835,-121.998848,8.839409,6.2792277,0.7368421052631579,0.8421052631578947,14.0,16.0,896.0,1024.0
30.663388,-100.963116,13.497307,7.4338512,0.42105263157894735,0.47368421052631576,8.0,9.0,512.0,576.0
37.476678,-113.416163,8.884385,7.2505393,0.42105263157894735,0.894736842105263,8.0,17.0,512.0,1088.0
32.441517,-92.076014,13.093587,1.5172373,0.21052631578947367,0.0,4.0,0.0,256.0,0.0
62.654125,-149.874351,-1.6815475,3.0916448,0.0,0.8421052631578947,0.0,16.0,0.0,1024.0
33.638854,-103.8996,12.422127,7.9741125,0.2631578947368421,0.47368421052631576,5.0,9.0,320.0,576.0
42.52824,-72.42385,10.588299,1.9060745,0.7368421052631579,0.15789473684210525,14.0,3.0,896.0,192.0
40.648008,-114.457779,10.862079,8.520149,0.6842105263157894,1.0,13.0,19.0,832.0,1216.0
65.314848,-146.000369,-0.759463,5.3198695,0.21052631578947367,0.7894736842105263,4.0,15.0,256.0,960.0
35.108755,-111.288046,11.634456,8.378594,0.8421052631578947,0.9473684210526315,16.0,18.0,1024.0,1152.0
34.575958,-77.816804,13.149248,0.82405466,0.631578947368421,0.0,12.0,0.0,768.0,0.0
48.076326,-107.369448,11.048319,6.577268,0.8421052631578947,0.7368421052631579,16.0,14.0,1024.0,896.0
34.831819,-91.488324,12.515146,1.551669,1.0,0.10526315789473684,19.0,2.0,1216.0,128.0
42.051457,-72.5306,12.152548,2.5473673,0.6842105263157894,0.21052631578947367,13.0,4.0,832.0,256.0
59.25805,-134.96961,-1.8551862,2.6922636,0.05263157894736842,0.5789473684210527,1.0,11.0,64.0,704.0
37.973582,-112.209044,8.817584,7.151975,0.3684210526315789,0.8421052631578947,7.0,16.0,448.0,1024.0
41.545552,-98.617201,13.548636,4.9714785,0.631578947368421,0.42105263157894735,12.0,8.0,768.0,512.0
45.601851,-100.891727,13.150209,4.948708,0.47368421052631576,0.3684210526315789,9.0,7.0,576.0,448.0
65.228007,-159.396705,-3.1713388,2.2406297,0.10526315789473684,0.05263157894736842,2.0,1.0,128.0,64.0
36.278321,-93.707503,11.982909,1.5709264,0.5789473684210527,0.05263157894736842,11.0,1.0,704.0,64.0
42.270995,-84.340449,11.243592,2.2962146,0.7368421052631579,0.21052631578947367,14.0,4.0,896.0,256.0
47.630385,-102.938964,13.244102,4.6699343,0.6842105263157894,0.42105263157894735,13.0,8.0,832.0,512.0
57.384296,-152.566533,1.2894938,0.7571216,1.0,0.631578947368421,19.0,12.0,1216.0,768.0
46.301628,-85.504841,11.133941,2.3910747,0.894736842105263,0.2631578947368421,17.0,5.0,1088.0,320.0
38.107085,-88.077305,15.175993,3.941852,0.3684210526315789,0.21052631578947367,7.0,4.0,448.0,256.0
36.010669,-85.241297,11.884469,1.5645573,0.9473684210526315,0.10526315789473684,18.0,2.0,1152.0,128.0
41.754665,-92.604755,14.005935,3.6909816,0.3157894736842105,0.21052631578947367,6.0,4.0,384.0,256.0
33.852579,-104.427651,12.52907,8.070837,0.6842105263157894,0.7368421052631579,13.0,14.0,832.0,896.0
65.98063,-164.971461,-3.194748,2.5393226,0.0,0.42105263157894735,0.0,8.0,0.0,512.0
48.978069,-122.506826,13.426444,2.8077085,0.42105263157894735,0.15789473684210525,8.0,3.0,512.0,192.0
37.739172,-117.87989,9.077425,7.4556737,0.47368421052631576,0.9473684210526315,9.0,18.0,576.0,1152.0
54.785696,-162.933009,1.4173285,0.6144497,0.5789473684210527,0.3684210526315789,11.0,7.0,704.0,448.0
41.064816,-82.875815,14.315043,3.7690043,0.5263157894736842,0.2631578947368421,10.0,5.0,640.0,320.0
68.734339,-166.3235,1.3528711,0.7436489,0.9473684210526315,0.5789473684210527,18.0,11.0,1152.0,704.0
36.486098,-120.998409,10.035489,6.0941105,0.2631578947368421,0.42105263157894735,5.0,8.0,320.0,512.0
32.955718,-104.48726,12.248738,8.317595,0.7368421052631579,0.7894736842105263,14.0,15.0,896.0,960.0
47.230092,-95.195442,10.501171,2.4480314,0.5263157894736842,0.21052631578947367,10.0,4.0,640.0,256.0
40.550649,-100.06968,13.287633,5.3118525,1.0,0.5789473684210527,19.0,11.0,1216.0,704.0
68.999445,-153.402334,-2.63418,2.0649765,0.10526315789473684,0.21052631578947367,2.0,4.0,128.0,256.0
43.562593,-106.802972,10.816978,7.153146,1.0,0.9473684210526315,19.0,18.0,1216.0,1152.0
36.804589,-100.02221,12.728533,6.810083,0.894736842105263,0.6842105263157894,17.0,13.0,1088.0,832.0
39.027428,-100.054712,13.297389,5.500134,0.5789473684210527,0.42105263157894735,11.0,8.0,704.0,512.0
64.551958,-144.94536,-1.2583975,4.808271,0.05263157894736842,0.894736842105263,1.0,17.0,64.0,1088.0
26.503286,-80.49268,14.797141,4.2779946,0.8421052631578947,0.42105263157894735,16.0,8.0,1024.0,512.0
44.326745,-123.991274,9.155266,5.9374886,0.5263157894736842,0.631578947368421,10.0,12.0,640.0,768.0
47.06057,-117.291473,10.588658,7.247648,0.894736842105263,0.894736842105263,17.0,17.0,1088.0,1088.0
61.764721,-165.26552,-2.4502788,2.3393524,0.10526315789473684,0.42105263157894735,2.0,8.0,128.0,512.0
40.198038,-94.165448,13.921729,3.4188883,0.21052631578947367,0.15789473684210525,4.0,3.0,256.0,192.0
66.586948,-152.340137,-1.2092906,5.1798797,0.15789473684210525,0.631578947368421,3.0,12.0,192.0,768.0
67.719512,-149.446139,-2.069221,3.2545278,0.15789473684210525,0.5263157894736842,3.0,10.0,192.0,640.0
43.147679,-72.34132,10.641932,1.8608065,0.7894736842105263,0.15789473684210525,15.0,3.0,960.0,192.0
40.058414,-95.366374,14.611471,3.809239,0.15789473684210525,0.15789473684210525,3.0,3.0,192.0,192.0
69.680647,-150.741262,-3.096124,2.0541914,0.05263157894736842,0.0,1.0,0.0,64.0,0.0
41.324862,-117.422873,10.268018,7.134552,0.7894736842105263,0.8421052631578947,15.0,16.0,960.0,1024.0
42.069659,-94.419933,14.620564,4.203489,0.3157894736842105,0.2631578947368421,6.0,5.0,384.0,320.0
35.850988,-97.450342,13.461487,6.1962485,0.9473684210526315,0.631578947368421,18.0,12.0,1152.0,768.0
42.146178,-107.809293,10.551994,7.9965134,0.7894736842105263,1.0,15.0,19.0,960.0,1216.0
39.123486,-76.53561,12.194151,2.56153,0.15789473684210525,0.10526315789473684,3.0,2.0,192.0,128.0
32.655486,-107.217001,12.095875,8.831635,0.21052631578947367,0.5263157894736842,4.0,10.0,256.0,640.0
38.402846,-104.871482,12.452343,6.7466636,0.47368421052631576,0.47368421052631576,9.0,9.0,576.0,576.0
60.411749,-144.212439,-1.2031418,2.8694396,0.0,0.894736842105263,0.0,17.0,0.0,1088.0
68.304889,-145.106684,-2.2995343,2.7737494,0.0,0.5263157894736842,0.0,10.0,0.0,640.0
38.653496,-93.006493,13.665598,3.1268542,0.7894736842105263,0.2631578947368421,15.0,5.0,960.0,320.0
63.31654,-144.813791,-1.996163,2.9784963,0.0,0.6842105263157894,0.0,13.0,0.0,832.0
37.213334,-92.926825,13.225702,2.342644,0.15789473684210525,0.05263157894736842,3.0,1.0,192.0,64.0
48.941915,-114.757782,8.758426,6.447895,0.5263157894736842,0.7368421052631579,10.0,14.0,640.0,896.0
67.285815,-163.294254,-2.7722626,2.3764606,0.05263157894736842,0.42105263157894735,1.0,8.0,64.0,512.0
45.035579,-113.263729,10.498115,6.565378,0.5789473684210527,0.631578947368421,11.0,12.0,704.0,768.0
64.407934,-144.828715,-0.8503249,5.290734,0.21052631578947367,0.7368421052631579,4.0,14.0,256.0,896.0
46.650755,-112.329255,9.8816395,6.948045,0.5263157894736842,0.6842105263157894,10.0,13.0,640.0,832.0
33.635594,-115.87412,11.785262,9.11544,0.42105263157894735,0.7894736842105263,8.0,15.0,512.0,960.0
35.062748,-80.922456,12.365957,2.5272877,1.0,0.2631578947368421,19.0,5.0,1216.0,320.0
41.273759,-90.028433,15.138342,4.0297604,0.6842105263157894,0.3157894736842105,13.0,6.0,832.0,384.0
35.172425,-116.443952,11.926817,9.019809,0.47368421052631576,0.7894736842105263,9.0,15.0,576.0,960.0
36.280955,-98.56352,13.034906,6.743563,0.9473684210526315,0.6842105263157894,18.0,13.0,1152.0,832.0
41.792705,-114.127489,10.31483,7.197085,0.8421052631578947,0.894736842105263,16.0,17.0,1024.0,1088.0
63.004972,-161.016309,-0.94396025,4.456311,0.05263157894736842,1.0,1.0,19.0,64.0,1216.0
60.462068,-149.931368,-1.5859973,2.8906925,0.05263157894736842,0.7368421052631579,1.0,14.0,64.0,896.0
40.148162,-99.462736,13.301021,5.5098157,0.8421052631578947,0.5263157894736842,16.0,10.0,1024.0,640.0
33.677495,-106.991252,11.923789,8.669016,0.3684210526315789,0.631578947368421,7.0,12.0,448.0,768.0
29.704694,-83.098066,13.410898,0.6598254,0.894736842105263,0.0,17.0,0.0,1088.0,0.0
45.518368,-67.79182,10.420286,2.3130438,0.5789473684210527,0.21052631578947367,11.0,4.0,704.0,256.0
41.392978,-72.632979,11.247488,1.8461825,0.631578947368421,0.10526315789473684,12.0,2.0,768.0,128.0
34.971112,-110.55614,11.869672,8.50668,0.47368421052631576,0.6842105263157894,9.0,13.0,576.0,832.0
39.252462,-117.681883,9.149616,7.538852,0.3157894736842105,0.8421052631578947,6.0,16.0,384.0,1024.0
41.926651,-79.128721,11.03973,1.9502723,0.47368421052631576,0.10526315789473684,9.0,2.0,576.0,128.0
42.364528,-102.937906,12.8657465,6.1136327,0.894736842105263,0.631578947368421,17.0,12.0,1088.0,768.0
38.97253,-107.705592,8.762047,7.0521016,0.631578947368421,1.0,12.0,19.0,768.0,1216.0
44.966222,-120.251421,10.253365,6.974741,0.5789473684210527,0.6842105263157894,11.0,13.0,704.0,832.0
65.484095,-164.933859,-2.631282,2.304851,0.0,0.47368421052631576,0.0,9.0,0.0,576.0
43.273637,-96.864661,14.47675,4.2990327,0.7894736842105263,0.42105263157894735,15.0,8.0,960.0,512.0
41.838232,-88.226345,13.426191,3.8268256,0.5263157894736842,0.3157894736842105,10.0,6.0,640.0,384.0
48.383643,-101.009798,13.347132,4.6564293,1.0,0.5263157894736842,19.0,10.0,1216.0,640.0
43.714137,-92.457277,13.997872,4.146674,1.0,0.47368421052631576,19.0,9.0,1216.0,576.0
66.691758,-154.269866,-1.0876404,5.0654745,0.15789473684210525,0.6842105263157894,3.0,13.0,192.0,832.0
39.326621,-74.826356,11.467897,1.9402617,0.5789473684210527,0.10526315789473684,11.0,2.0,704.0,128.0
38.388477,-77.369682,11.910818,1.6214303,0.5263157894736842,0.05263157894736842,10.0,1.0,640.0,64.0
35.053244,-100.559413,12.96576,7.08952,0.7368421052631579,0.631578947368421,14.0,12.0,896.0,768.0
64.765768,-148.824204,-0.47193462,4.9993443,0.2631578947368421,1.0,5.0,19.0,320.0,1216.0
40.662152,-108.231401,10.816424,8.165672,0.7368421052631579,0.9473684210526315,14.0,18.0,896.0,1152.0
64.666834,-152.293325,-1.1232567,5.154534,0.10526315789473684,0.8421052631578947,2.0,16.0,128.0,1024.0
46.641472,-107.923016,10.92394,6.7852397,0.3157894736842105,0.47368421052631576,6.0,9.0,384.0,576.0
29.849454,-94.226218,13.02878,1.4531118,0.6842105263157894,0.05263157894736842,13.0,1.0,832.0,64.0
61.875324,-158.338146,-0.88214105,4.784369,0.15789473684210525,0.8421052631578947,3.0,16.0,192.0,1024.0
66.357449,-160.144032,-3.3044395,2.5306573,0.05263157894736842,0.2631578947368421,1.0,5.0,64.0,320.0
38.007447,-92.065704,13.037127,2.1200607,0.3157894736842105,0.05263157894736842,6.0,1.0,384.0,64.0
34.686904,-78.764951,13.355871,0.6053782,1.0,0.0,19.0,0.0,1216.0,0.0
37.626098,-115.126558,11.327311,8.911843,0.3684210526315789,0.7894736842105263,7.0,15.0,448.0,960.0
43.256498,-113.512588,10.363496,7.640971,0.7368421052631579,0.894736842105263,14.0,17.0,896.0,1088.0
38.212769,-118.21657,10.984612,8.965136,0.47368421052631576,1.0,9.0,19.0,576.0,1216.0
69.425859,-150.067104,-2.7856808,2.0613382,0.0,0.15789473684210525,0.0,3.0,0.0,192.0
38.26083,-98.995873,12.972777,5.9605775,0.8421052631578947,0.5789473684210527,16.0,11.0,1024.0,704.0
42.541979,-91.643388,15.247144,3.8987477,0.631578947368421,0.2631578947368421,12.0,5.0,768.0,320.0
45.693967,-119.2896,10.550868,7.476806,0.2631578947368421,0.5263157894736842,5.0,10.0,320.0,640.0
48.488237,-111.23869,10.725753,6.7683454,0.47368421052631576,0.5789473684210527,9.0,11.0,576.0,704.0
35.578776,-118.158835,11.071684,8.339444,0.5263157894736842,0.7894736842105263,10.0,15.0,640.0,960.0
68.740229,-146.725631,-2.032344,3.1036513,0.05263157894736842,0.631578947368421,1.0,12.0,64.0,768.0
35.340585,-112.218525,9.138631,7.5747595,0.3157894736842105,0.894736842105263,6.0,17.0,384.0,1088.0
63.489962,-149.351095,-1.7264282,3.0310032,0.10526315789473684,0.631578947368421,2.0,12.0,128.0,768.0
66.954541,-154.901397,-1.3149107,4.556221,0.0,1.0,0.0,19.0,0.0,1216.0
58.225783,-156.466158,-3.588081,2.759749,0.05263157894736842,0.3684210526315789,1.0,7.0,64.0,448.0
33.016444,-104.763028,12.684206,8.068734,0.631578947368421,0.6842105263157894,12.0,13.0,768.0,832.0
42.493912,-73.611105,11.086833,2.0368884,0.3684210526315789,0.10526315789473684,7.0,2.0,448.0,128.0
45.346202,-95.971173,13.448547,4.3308306,0.894736842105263,0.47368421052631576,17.0,9.0,1088.0,576.0
31.567627,-102.637582,12.6907015,8.126872,0.9473684210526315,0.894736842105263,18.0,17.0,1152.0,1088.0
37.159842,-97.785651,13.189152,6.212577,0.5789473684210527,0.47368421052631576,11.0,9.0,704.0,576.0
62.539757,-155.265368,-1.226662,5.2331038,0.10526315789473684,0.7894736842105263,2.0,15.0,128.0,960.0
30.659044,-99.630624,13.725876,7.370001,0.6842105263157894,0.5789473684210527,13.0,11.0,832.0,704.0
66.318291,-143.21202,-1.0098436,5.0215483,0.15789473684210525,0.7894736842105263,3.0,15.0,192.0,960.0
